image,name,xmin,ymin,xmax,ymax,mask
img_1.png,large_red_rect,832.0,212.0,3356.5926687123865,2721.2408193272413,[[1852.4531462  2721.24081933]
 [ 832.         1664.53065263]
 [2336.13952251  212.        ]
 [3356.59266871 1268.7101667 ]]
img_1.png,small_yellow_square,1886.0,2741.0,2897.4655160038715,3764.847871125369,[[1886.         3563.81077588]
 [2091.14976747 2741.        ]
 [2897.465516   2942.03709524]
 [2692.31574854 3764.84787113]]
img_1.png,small_blue_square,460.0,2780.0,1504.2045608396204,3812.5489470575585,[[ 460.         3013.74047773]
 [1275.14991816 2780.        ]
 [1504.20456084 3578.80846932]
 [ 689.05464268 3812.54894706]]
img_1.png,small_red_square,1562.0,2971.0,2705.6671105448686,4120.889542409204,[[1562.         3705.38954241]
 [1986.         2971.        ]
 [2705.66711054 3386.5       ]
 [2281.66711054 4120.88954241]]
img_1.png,large_red_rect,1795.0,1733.0,4070.0958170489594,3478.714747088863,[[1999.44528531 3478.71474709]
 [1795.         2024.01095411]
 [3865.65053174 1733.        ]
 [4070.09581705 3187.70379298]]
img_1.png,large_red_rect,574.0,483.0,3119.3591193132615,2800.691318159341,[[ 574.         1755.19131816]
 [1308.5         483.        ]
 [3119.35911931 1528.5       ]
 [2384.85911931 2800.69131816]]
img_1.png,small_yellow_square,3133.0,1116.0,4073.9315547383803,2071.400169190666,[[3251.01878961 2071.40016919]
 [3133.         1231.6528469 ]
 [3955.91276512 1116.        ]
 [4073.93155474 1955.74732229]]
img_1.png,large_red_rect,1396.0,1402.0,3951.4307096079683,3804.6826814705664,[[2238.583785   3804.68268147]
 [1396.         2601.34832841]
 [3108.84692461 1402.        ]
 [3951.43070961 2605.33435306]]
img_1.png,small_yellow_square,196.0,232.0,1163.5567532731084,1185.4254373886752,[[1033.55971282 1185.42543739]
 [ 196.         1052.76901103]
 [ 325.99704045  232.        ]
 [1163.55675327  364.65642635]]
img_1.png,small_blue_square,2124.0,146.0,3278.8745112456463,1295.0583144071816,[[2124.          582.75228752]
 [2850.877871    146.        ]
 [3278.87451125  858.30602688]
 [2551.99664025 1295.05831441]]
img_1.png,small_red_square,1154.0,244.0,2177.847871125369,1255.4655160038712,[[1976.81077588 1255.465516  ]
 [1154.         1050.31574854]
 [1355.03709524  244.        ]
 [2177.84787113  449.14976747]]
img_1.png,large_red_rect,1612.0,1673.0,4135.345565444713,3909.9625219494374,[[1612.         2993.32845401]
 [2255.96721463 1673.        ]
 [4135.34556544 2589.63406794]
 [3491.37835081 3909.96252195]]
img_1.png,small_yellow_square,2249.0,500.0,3387.870427419445,1631.8413349082039,[[2249.          898.11188524]
 [2997.73955874  500.        ]
 [3387.87042742 1233.72944967]
 [2639.13086868 1631.84133491]]
img_1.png,small_blue_square,1157.0,331.0,2288.841334908204,1469.8704274194452,[[1555.11188524 1469.87042742]
 [1157.          721.13086868]
 [1890.72944967  331.        ]
 [2288.84133491 1079.73955874]]
img_1.png,small_red_square,174.0,1887.0,1174.460017920128,2900.200141097631,[[ 174.         2713.26581494]
 [ 364.75849408 1887.        ]
 [1174.46001792 2073.93432616]
 [ 983.70152384 2900.2001411 ]]
img_1.png,small_blue_rect,76.0,2077.0,1552.5248323434462,3195.315532939161,[[  76.         2833.59093204]
 [1335.17876473 2077.        ]
 [1552.52483234 2438.7246009 ]
 [ 293.34606761 3195.31553294]]
img_1.png,small_red_rect,206.0,2194.0,679.010289658032,3676.8327124995067,[[ 257.26736066 3676.8327125 ]
 [ 206.         2208.72758761]
 [ 627.742929   2194.        ]
 [ 679.01028966 3662.10512489]]
img_1.png,small_yellow_rect,981.0,427.0,2508.455461842499,1191.8480611243826,[[ 981.          782.38326464]
 [2406.3644219   427.        ]
 [2508.45546184  836.46479649]
 [1083.09103994 1191.84806112]]
img_2.png,large_blue_rect,1318.0,716.0,3853.8971424004903,2994.7150516950605,[[2007.65372573 2994.7150517 ]
 [1318.         1697.66503779]
 [3164.24341667  716.        ]
 [3853.8971424  2013.05001391]]
img_2.png,small_yellow_square,2906.0,3029.0,3848.9525609615184,3957.151055221504,[[2906.         3132.34520321]
 [3747.67913659 3029.        ]
 [3848.95256096 3853.80585201]
 [3007.27342437 3957.15105522]]
img_2.png,small_red_square,329.0,923.0,1174.6730753337774,1785.3737952420024,[[ 343.79964066 1785.37379524]
 [ 329.          937.50294975]
 [1159.87343467  923.        ]
 [1174.67307533 1770.87084549]]
img_2.png,small_blue_rect,60.0,2472.0,633.2405523855941,3977.0636757949433,[[  60.         3932.9526643 ]
 [ 213.55231254 2472.        ]
 [ 633.24055239 2516.1110115 ]
 [ 479.68823985 3977.06367579]]
img_2.png,small_red_rect,1464.0,3218.0,2991.507194063808,4073.2918146133525,[[1464.         3671.94596474]
 [2861.10202244 3218.        ]
 [2991.50719406 3619.34584988]
 [1594.40517163 4073.29181461]]
img_2.png,small_yellow_rect,384.0,1132.0,957.2405523855941,2637.0636757949433,[[ 384.         2592.9526643 ]
 [ 537.55231254 1132.        ]
 [ 957.24055239 1176.1110115 ]
 [ 803.68823985 2637.06367579]]
img_3.png,large_yellow_rect,1108.0,257.0,3633.4627727707684,2751.763750322519,[[2634.33517528 2751.76375032]
 [1108.         1328.43317287]
 [2107.12759749  257.        ]
 [3633.46277277 1680.33057745]]
img_3.png,small_yellow_square,2029.0,3085.0,3061.5489470575585,4129.20456083962,[[2029.         3900.14991816]
 [2262.74047773 3085.        ]
 [3061.54894706 3314.05464268]
 [2827.80846932 4129.20456084]]
img_3.png,small_blue_square,27.0,278.0,1080.907319681248,1320.6204578101633,[[  27.          525.9312056 ]
 [ 837.94643306  278.        ]
 [1080.90731968 1072.68925221]
 [ 269.96088662 1320.62045781]]
img_3.png,small_red_square,1663.0,2821.0,2539.4849030719715,3681.0885504565895,[[1663.         2850.5947732 ]
 [2510.48342131 2821.        ]
 [2539.48490307 3651.49377725]
 [1692.00148176 3681.08855046]]
img_3.png,small_blue_rect,570.0,3113.0,2052.8327124995067,3586.010289658032,[[2038.10512489 3586.01028966]
 [ 570.         3534.742929  ]
 [ 584.72758761 3113.        ]
 [2052.8327125  3164.26736066]]
img_3.png,small_red_rect,2236.0,2981.0,3753.1101659441083,3943.437075907673,[[2236.         3554.98402775]
 [3588.22162972 2981.        ]
 [3753.11016594 3369.45304816]
 [2400.88853622 3943.43707591]]
img_3.png,small_yellow_rect,566.0,3341.0,2079.4348415865143,3963.3384103192784,[[ 566.         3545.44528531]
 [2020.70379298 3341.        ]
 [2079.43484159 3758.89312501]
 [ 624.73104861 3963.33841032]]
img_3.png,large_blue_rect,106.0,1874.0,1751.6526695821276,4085.07489980615,[[ 106.         2002.0317861 ]
 [1569.4100115  1874.        ]
 [1751.65266958 3957.04311371]
 [ 288.24265809 4085.07489981]]
img_4.png,small_yellow_rect,847.0,2937.0,2373.2789701026213,3678.637266170507,[[ 847.         3267.45309883]
 [2278.34962517 2937.        ]
 [2373.2789701  3348.18416734]
 [ 941.92934493 3678.63726617]]
img_4.png,small_yellow_square,2566.0,2517.0,3654.156174361694,3614.5499878012592,[[2883.66639122 3614.5499878 ]
 [2566.         2828.29807913]
 [3336.48978315 2517.        ]
 [3654.15617436 3303.25190867]]
img_4.png,small_blue_square,2779.0,432.0,3641.3737952420024,1277.673075333778,[[3626.87084549 1277.67307533]
 [2779.         1262.87343467]
 [2793.50294975  432.        ]
 [3641.37379524  446.79964066]]
img_4.png,small_red_square,1811.0,962.0,2942.841334908204,2100.870427419445,[[2209.11188524 2100.87042742]
 [1811.         1352.13086868]
 [2544.72944967  962.        ]
 [2942.84133491 1710.73955874]]
img_4.png,large_yellow_square,2110.0,403.0,3752.314521123096,2059.7831355753815,[[2314.44528531 2059.78313558]
 [2110.          605.07934259]
 [3547.86923581  403.        ]
 [3752.31452112 1857.70379298]]
img_4.png,large_blue_square,1360.0,257.0,3316.8433591512166,2206.0161698595452,[[1360.          900.96721463]
 [2680.32845401  257.        ]
 [3316.84335915 1562.04895523]
 [1996.51490514 2206.01616986]]
img_4.png,large_red_square,915.0,421.0,2946.992553307303,2457.1673386422476,[[ 915.         1624.33435306]
 [1757.583785    421.        ]
 [2946.99255331 1253.83298558]
 [2104.40876831 2457.16733864]]
img_4.png,small_blue_rect,954.0,1240.0,2125.308230816754,2693.835599348011,[[ 954.         2457.85619408]
 [1775.4543752  1240.        ]
 [2125.30823082 1475.97940526]
 [1303.85385562 2693.83559935]]
img_4.png,small_red_rect,898.0,1091.0,2417.962120150378,1761.678044763872,[[2344.68258917 1761.67804476]
 [ 898.         1506.58887177]
 [ 971.27953098 1091.        ]
 [2417.96212015 1346.08917299]]
img_4.png,large_yellow_rect,1821.0,2362.0,4027.741498042793,4003.3192678187697,[[1821.         2543.89403511]
 [3900.05833492 2362.        ]
 [4027.74149804 3821.4252327 ]
 [1948.68316313 4003.31926782]]
img_4.png,large_blue_rect,903.0,1753.0,3448.3591193132615,4070.691318159341,[[ 903.         3025.19131816]
 [1637.5        1753.        ]
 [3448.35911931 2798.5       ]
 [2713.85911931 4070.69131816]]
img_4.png,large_red_rect,171.0,1415.0,2725.0131205192483,3846.590777670406,[[ 171.         2588.19556426]
 [1055.06626901 1415.        ]
 [2725.01312052 2673.39521341]
 [1840.94685151 3846.59077767]]
img_5.png,small_red_rect,1255.0,2760.0,2779.740960417932,3658.9778765170604,[[1255.         3262.42759055]
 [2635.40845993 2760.        ]
 [2779.74096042 3156.55028597]
 [1399.33250048 3658.97787652]]
img_5.png,small_yellow_square,2796.0,1808.0,3963.713164310866,2971.1258049364333,[[2796.         2282.19558214]
 [3499.02386153 1808.        ]
 [3963.71316431 2496.93022279]
 [3260.68930278 2971.12580494]]
img_5.png,small_blue_square,2853.0,132.0,3941.156174361694,1229.5499878012588,[[2853.          918.25190867]
 [3170.66639122  132.        ]
 [3941.15617436  443.29807913]
 [3623.48978315 1229.5499878 ]]
img_5.png,small_red_square,1344.0,1157.0,2503.5076941184425,2311.099503975747,[[2063.14478554 2311.09950398]
 [1344.         1861.72796791]
 [1784.36290858 1157.        ]
 [2503.50769412 1606.37153607]]
img_5.png,large_yellow_square,1110.0,709.0,2961.1525906677707,2570.691747827188,[[1110.         2097.96678756]
 [1588.2596189   709.        ]
 [2961.15259067 1181.72496027]
 [2482.89297177 2570.69174783]]
img_5.png,large_blue_square,1180.0,295.0,2815.0045833853765,1915.2030776453612,[[1180.          474.02606546]
 [2638.05029676  295.        ]
 [2815.00458339 1736.17701218]
 [1356.95428662 1915.20307765]]
img_5.png,large_red_square,1501.0,392.0,3121.203077645361,2027.004583385376,[[1680.02606546 2027.00458339]
 [1501.          568.95428662]
 [2942.17701218  392.        ]
 [3121.20307765 1850.05029676]]
img_5.png,small_blue_rect,1632.0,1038.0,2785.9937221100436,2499.8447370881695,[[2432.07474244 2499.84473709]
 [1632.         1267.83767278]
 [1985.91897967 1038.        ]
 [2785.99372211 2270.00706431]]
img_5.png,small_yellow_rect,431.0,1434.0,1286.2918146133525,2961.507194063808,[[ 884.94596474 2961.50719406]
 [ 431.         1564.40517163]
 [ 832.34584988 1434.        ]
 [1286.29181461 2831.10202244]]
img_5.png,large_yellow_rect,1163.0,2155.0,3433.5780523701533,3896.196982410058,[[3229.68945946 3896.19698241]
 [1163.         3605.74272071]
 [1366.88859291 2155.        ]
 [3433.57805237 2445.4542617 ]]
img_5.png,large_blue_rect,1675.0,2007.0,4104.127278956406,4023.160921084942,[[1675.         3411.81168651]
 [2104.49403424 2007.        ]
 [4104.12727896 2618.34923458]
 [3674.63324472 4023.16092108]]
img_5.png,large_red_rect,220.0,54.0,1865.6526695821285,2265.07489980615,[[1683.4100115  2265.07489981]
 [ 220.         2137.04311371]
 [ 402.24265809   54.        ]
 [1865.65266958  182.0317861 ]]
img_6.png,small_blue_rect,745.0,1381.0,1268.4442891397666,2875.8588217517026,[[ 745.         2846.42158983]
 [ 847.47225993 1381.        ]
 [1268.44428914 1410.43723192]
 [1165.97202921 2875.85882175]]
img_6.png,small_yellow_square,290.0,134.0,1290.460017920128,1147.2001410976313,[[ 480.75849408 1147.2001411 ]
 [ 290.          320.93432616]
 [1099.70152384  134.        ]
 [1290.46001792  960.26581494]]
img_6.png,small_blue_square,3162.0,2365.0,4139.5382175243185,3355.9821267215275,[[3323.80602808 3355.98212672]
 [3162.         2523.56227516]
 [3977.73218945 2365.        ]
 [4139.53821752 3197.41985156]]
img_6.png,small_red_square,1414.0,2798.0,2600.0895353785295,3984.9285761849933,[[1992.33460933 3984.92857618]
 [1414.         3364.74063721]
 [2021.75492605 2798.        ]
 [2600.08953538 3418.18793897]]
img_6.png,large_yellow_square,2237.0,1907.0,3975.786600545347,3632.6925900767746,[[2237.         2212.42227381]
 [3673.89882548 1907.        ]
 [3975.78660055 3327.27031627]
 [2538.88777507 3632.69259008]]
img_6.png,large_blue_square,2104.0,1037.0,3789.030030366446,2735.8197431473163,[[2104.         2483.68258917]
 [2359.08917299 1037.        ]
 [3789.03003037 1289.13715397]
 [3533.94085737 2735.81974315]]
img_6.png,large_red_square,2431.0,1881.0,3973.9785950192236,3407.891604184526,[[2431.         1957.88151972]
 [3897.98678655 1881.        ]
 [3973.97859502 3331.01008446]
 [2506.99180846 3407.89160418]]
img_6.png,small_red_rect,1575.0,1982.0,2293.200561320955,3506.637559003055,[[1575.         3418.89882548]
 [1880.42227381 1982.        ]
 [2293.20056132 2069.73873353]
 [1987.77828751 3506.637559  ]]
img_6.png,small_yellow_rect,2881.0,1394.0,4102.090454250317,2821.161504029638,[[3765.06626901 2821.16150403]
 [2881.         1647.96593977]
 [3218.02418524 1394.        ]
 [4102.09045425 2567.19556426]]
img_6.png,large_yellow_rect,755.0,1738.0,3100.984669779469,3604.8979338116897,[[ 755.         2171.91169874]
 [2796.39404273 1738.        ]
 [3100.98466978 3170.98623508]
 [1059.59062705 3604.89793381]]
img_6.png,large_blue_rect,753.0,1935.0,3137.2716282790207,3866.223105598345,[[1108.38326464 3866.2231056 ]
 [ 753.         2440.8586837 ]
 [2781.88836364 1935.        ]
 [3137.27162828 3360.3644219 ]]
img_6.png,large_red_rect,1498.0,1827.0,3243.714747088864,4102.095817048959,[[1498.         2031.44528531]
 [2952.70379298 1827.        ]
 [3243.71474709 3897.65053174]
 [1789.01095411 4102.09581705]]
img_7.png,large_red_square,64.0,745.0,2125.999147334339,2808.257389059354,[[  64.         1836.67974863]
 [1046.95286074  745.        ]
 [2125.99914733 1716.57764043]
 [1143.04628659 2808.25738906]]
img_7.png,small_yellow_square,2841.0,2658.0,3703.3737952420024,3503.673075333778,[[3688.87084549 3503.67307533]
 [2841.         3488.87343467]
 [2855.50294975 2658.        ]
 [3703.37379524 2672.79964066]]
img_7.png,small_blue_square,867.0,2964.0,1820.4254373886752,3931.5567532731084,[[ 867.         3801.55971282]
 [ 999.65642635 2964.        ]
 [1820.42543739 3093.99704045]
 [1687.76901103 3931.55675327]]
img_7.png,small_red_square,3062.0,1504.0,3922.0885504565895,2380.4849030719715,[[3062.         2351.48342131]
 [3091.5947732  1504.        ]
 [3922.08855046 1533.00148176]
 [3892.49377725 2380.48490307]]
img_7.png,large_yellow_square,2144.0,20.0,4159.225424920403,2029.8172347777088,[[3389.78265325 2029.81723478]
 [2144.         1251.36583562]
 [2913.44277167   20.        ]
 [4159.22542492  798.45139916]]
img_7.png,large_blue_square,2352.0,416.0,4057.6210845741525,2135.0649937713615,[[2632.29841421 2135.06499377]
 [2352.          693.05466129]
 [3777.32267037  416.        ]
 [4057.62108457 1858.01033248]]
img_7.png,small_blue_rect,478.0,2826.0,1983.0636757949433,3399.240552385594,[[ 478.         2979.55231254]
 [1938.9526643  2826.        ]
 [1983.06367579 3245.68823985]
 [ 522.1110115  3399.24055239]]
img_7.png,small_red_rect,2384.0,2384.0,3387.288112626554,3893.711045611414,[[3004.8262265  3893.71104561]
 [2384.         2562.34490645]
 [2766.46188613 2384.        ]
 [3387.28811263 3715.36613916]]
img_7.png,small_yellow_rect,2666.0,898.0,3407.6372661705063,2424.2789701026213,[[2996.45309883 2424.2789701 ]
 [2666.          992.92934493]
 [3077.18416734  898.        ]
 [3407.63726617 2329.34962517]]
img_7.png,large_yellow_rect,2208.0,81.0,3849.31926781877,2287.741498042793,[[2389.89403511 2287.74149804]
 [2208.          208.68316313]
 [3667.4252327    81.        ]
 [3849.31926782 2160.05833492]]
img_7.png,large_blue_rect,2209.0,758.0,4140.223105598345,3142.2716282790207,[[2209.         1113.38326464]
 [3634.3644219   758.        ]
 [4140.2231056  2786.88836364]
 [2714.8586837  3142.27162828]]
img_8.png,large_blue_square,1161.0,787.0,2880.0649937713615,2492.6210845741525,[[2603.01033248 2492.62108457]
 [1161.         2212.32267037]
 [1438.05466129  787.        ]
 [2880.06499377 1067.29841421]]
img_8.png,small_yellow_square,3187.0,1632.0,4115.151055221504,2574.9525609615184,[[3290.34520321 2574.95256096]
 [3187.         1733.27342437]
 [4011.80585201 1632.        ]
 [4115.15105522 2473.67913659]]
img_8.png,small_blue_square,138.0,3062.0,1199.8077313027009,4134.346888462118,[[ 414.08179498 4134.34688846]
 [ 138.         3332.54713635]
 [ 923.72593632 3062.        ]
 [1199.8077313  3863.79975211]]
img_8.png,small_red_square,1671.0,3260.0,2574.901944301699,4148.129215500932,[[1671.         3319.15348974]
 [2516.93431462 3260.        ]
 [2574.9019443  4088.97572577]
 [1728.96762968 4148.1292155 ]]
img_8.png,small_blue_rect,2719.0,17.0,3639.413457863865,1539.6609212325056,[[2719.         1388.42964652]
 [3245.44251788   17.        ]
 [3639.41345786  168.23127471]
 [3112.97093998 1539.66092123]]
img_8.png,small_red_rect,21.0,52.0,1024.2881126265538,1561.7110456114135,[[  21.         1383.36613916]
 [ 641.8262265    52.        ]
 [1024.28811263  230.34490645]
 [ 403.46188613 1561.71104561]]
img_8.png,small_yellow_rect,2339.0,718.0,3856.1101659441083,1680.4370759076733,[[2339.         1291.98402775]
 [3691.22162972  718.        ]
 [3856.11016594 1106.45304816]
 [2503.88853622 1680.43707591]]
img_8.png,large_blue_rect,175.0,428.0,1786.2823764306486,2616.3786890234132,[[1640.42158983 2616.37868902]
 [ 175.         2513.90642909]
 [ 320.8607866   428.        ]
 [1786.28237643  530.47225993]]
img_9.png,large_yellow_square,981.0,501.0,3037.5515300382826,2559.6468962066338,[[ 981.         1626.31928694]
 [1925.25499863  501.        ]
 [3037.55153004 1434.32760926]
 [2093.29653141 2559.64689621]]
img_9.png,small_yellow_square,1445.0,3044.0,2348.901944301699,3932.1292155009323,[[1445.         3103.15348974]
 [2290.93431462 3044.        ]
 [2348.9019443  3872.97572577]
 [1502.96762968 3932.1292155 ]]
img_9.png,small_blue_square,3020.0,2663.0,3923.9019443016987,3551.1292155009323,[[3020.         2722.15348974]
 [3865.93431462 2663.        ]
 [3923.9019443  3491.97572577]
 [3077.96762968 3551.1292155 ]]
img_9.png,small_red_square,548.0,3061.0,1600.374376271228,4124.289048143872,[[ 548.         3867.49592582]
 [ 810.04641123 3061.        ]
 [1600.37437627 3317.79312233]
 [1338.32796504 4124.28904814]]
img_9.png,large_red_square,1027.0,114.0,2616.9601499663745,1688.506487725525,[[2490.4100115  1688.50648773]
 [1027.         1560.47470163]
 [1153.55013847  114.        ]
 [2616.96014997  242.0317861 ]]
img_9.png,small_blue_rect,1156.0,561.0,2678.5317285335204,1255.545085623059,[[2598.01033248 1255.54508562]
 [1156.          975.24667141]
 [1236.52139605  561.        ]
 [2678.53172853  841.29841421]]
img_9.png,small_red_rect,1500.0,80.0,2989.072560088991,578.3031833873147,[[1500.          156.88151972]
 [2966.98678655   80.        ]
 [2989.07256009  501.42166367]
 [1522.08577353  578.30318339]]
img_9.png,small_yellow_rect,332.0,457.0,1096.8480611243822,1984.455461842499,[[ 687.38326464 1984.45546184]
 [ 332.          559.09103994]
 [ 741.46479649  457.        ]
 [1096.84806112 1882.3644219 ]]
img_9.png,large_red_rect,1211.0,25.0,3399.3786890234123,1636.2823764306477,[[1313.47225993 1636.28237643]
 [1211.          170.8607866 ]
 [3296.90642909   25.        ]
 [3399.37868902 1490.42158983]]
img_10.png,small_red_square,2578.0,1154.0,3764.9285761849933,2340.089535378529,[[2578.         1732.33460933]
 [3198.18793897 1154.        ]
 [3764.92857618 1761.75492605]
 [3144.74063721 2340.08953538]]
img_10.png,small_yellow_square,1859.0,2613.0,2985.463774243417,3731.636584951746,[[1859.         2984.73873248]
 [2621.17735126 2613.        ]
 [2985.46377424 3359.89785247]
 [2223.28642298 3731.63658495]]
img_10.png,small_blue_square,1255.0,296.0,2418.1258049364333,1463.713164310866,[[1255.          999.02386153]
 [1729.19558214  296.        ]
 [2418.12580494  760.68930278]
 [1943.93022279 1463.71316431]]
img_10.png,large_yellow_square,63.0,1943.0,2126.257389059354,4004.99914733434,[[1154.67974863 4004.99914733]
 [  63.         3022.04628659]
 [1034.57764043 1943.        ]
 [2126.25738906 2925.95286074]]
img_10.png,large_blue_square,245.0,442.0,2281.167338642248,2473.992553307303,[[ 245.         1284.583785  ]
 [1448.33435306  442.        ]
 [2281.16733864 1631.40876831]
 [1077.83298558 2473.99255331]]
img_10.png,large_red_square,45.0,1124.0,2108.7811656828453,3188.620206489309,[[  45.         2198.35858768]
 [1046.85559093 1124.        ]
 [2108.78116568 2114.26161881]
 [1106.92557475 3188.62020649]]
img_10.png,small_blue_rect,143.0,1133.0,1671.1925459026934,1966.0546412541016,[[ 143.         1562.49403424]
 [1547.81168651 1133.        ]
 [1671.1925459  1536.56060702]
 [ 266.38085939 1966.05464125]]
img_10.png,small_red_rect,792.0,631.0,2316.637559003055,1349.2005613209549,[[2228.89882548 1349.20056132]
 [ 792.         1043.77828751]
 [ 879.73873353  631.        ]
 [2316.637559    936.42227381]]
img_10.png,small_yellow_rect,2026.0,2571.0,3247.0904542503167,3998.161504029638,[[2910.06626901 3998.16150403]
 [2026.         2824.96593977]
 [2363.02418524 2571.        ]
 [3247.09045425 3744.19556426]]
img_10.png,large_yellow_rect,500.0,655.0,2036.942811201095,2791.856418658017,[[ 500.         2740.72865599]
 [ 572.83524962  655.        ]
 [2036.9428112   706.12776267]
 [1964.10756158 2791.85641866]]
img_10.png,large_blue_rect,587.0,1316.0,2396.7809286764846,3630.322184541248,[[2033.68258917 3630.32218454]
 [ 587.         3375.23301155]
 [ 950.0983395  1316.        ]
 [2396.78092868 1571.08917299]]
img_10.png,large_red_rect,292.0,1949.0,1797.269246045098,4065.3191156283838,[[1760.77626418 4065.31911563]
 [ 292.         4039.68153057]
 [ 328.49298186 1949.        ]
 [1797.26924605 1974.63758506]]
img_11.png,small_blue_square,2641.0,2430.0,3558.199526205104,3331.7458639642555,[[3485.77310398 3331.74586396]
 [2641.         3257.83779411]
 [2713.42642222 2430.        ]
 [3558.19952621 2503.90806985]]
img_11.png,small_yellow_square,1121.0,2482.0,1966.6730753337774,3344.3737952420024,[[1135.79964066 3344.37379524]
 [1121.         2496.50294975]
 [1951.87343467 2482.        ]
 [1966.67307533 3329.87084549]]
img_11.png,small_red_square,2880.0,1935.0,4029.8895424092043,3078.6671105448686,[[2880.         2359.        ]
 [3614.38954241 1935.        ]
 [4029.88954241 2654.66711054]
 [3295.5        3078.66711054]]
img_11.png,large_yellow_square,1506.0,197.0,3231.6925900767746,1935.786600545347,[[1506.         1633.89882548]
 [1811.42227381  197.        ]
 [3231.69259008  498.88777507]
 [2926.27031627 1935.78660055]]
img_11.png,large_blue_square,414.0,245.0,1988.5064877255245,1834.960149966374,[[ 542.0317861  1834.96014997]
 [ 414.          371.55013847]
 [1860.47470163  245.        ]
 [1988.50648773 1708.4100115 ]]
img_11.png,large_red_square,1794.0,102.0,3594.663258197611,1914.3188719796735,[[1794.         1514.09343133]
 [2198.9112757   102.        ]
 [3594.6632582   502.22544065]
 [3189.7519825  1914.31887198]]
img_11.png,small_blue_rect,41.0,1305.0,1177.3276957365897,2774.408582760202,[[  41.         2550.78265325]
 [ 819.45139916 1305.        ]
 [1177.32769574 1528.62592951]
 [ 398.87629658 2774.40858276]]
img_11.png,small_red_rect,2144.0,239.0,3262.315532939161,1715.524832343446,[[2144.         1498.17876473]
 [2900.59093204  239.        ]
 [3262.31553294  456.34606761]
 [2505.7246009  1715.52483234]]
img_11.png,small_yellow_rect,2555.0,108.0,4037.8327124995067,581.010289658032,[[2555.          159.26736066]
 [4023.10512489  108.        ]
 [4037.8327125   529.742929  ]
 [2569.72758761  581.01028966]]
img_12.png,small_yellow_square,1489.0,426.0,2585.2795301778824,1531.2856835022558,[[1489.         1206.58811573]
 [1820.33999696  426.        ]
 [2585.27953018  750.69756777]
 [2253.93953322 1531.2856835 ]]
img_12.png,small_blue_square,2825.0,359.0,3878.907319681248,1401.6204578101633,[[2825.          606.9312056 ]
 [3635.94643306  359.        ]
 [3878.90731968 1153.68925221]
 [3067.96088662 1401.62045781]]
img_12.png,small_red_square,696.0,1389.0,1821.4103653796692,2521.8396377952995,[[ 696.         2144.57353251]
 [1080.98394378 1389.        ]
 [1821.41036538 1766.26610528]
 [1436.4264216  2521.8396378 ]]
img_12.png,large_yellow_square,1693.0,900.0,3681.759918385454,2882.1331469082716,[[1693.         1612.18533214]
 [2977.81634979  900.        ]
 [3681.75991839 2169.94781477]
 [2396.9435686  2882.13314691]]
img_12.png,large_blue_square,434.0,1831.0,1936.3828414877007,3349.7791941030832,[[ 434.         3299.10512489]
 [ 485.26736066 1831.        ]
 [1936.38284149 1881.67406921]
 [1885.11548083 3349.7791941 ]]
img_12.png,large_red_square,1282.0,45.0,3064.72947702733,1839.7502923075017,[[1662.20517726 1839.75029231]
 [1282.          420.80525349]
 [2684.52429977   45.        ]
 [3064.72947703 1463.94503882]]
img_12.png,small_blue_rect,2121.0,1994.0,3621.189734936286,2542.425948691027,[[3584.4100115  2542.42594869]
 [2121.         2414.39416259]
 [2157.77972344 1994.        ]
 [3621.18973494 2122.0317861 ]]
img_12.png,small_red_rect,1020.0,716.0,2287.525753625735,2112.575658229498,[[1964.25499863 2112.57565823]
 [1020.          987.25637129]
 [1343.270755    716.        ]
 [2287.52575363 1841.31928694]]
img_12.png,small_yellow_rect,549.0,1560.0,2010.8447370881695,2713.993722110044,[[ 549.         2360.07474244]
 [1781.00706431 1560.        ]
 [2010.84473709 1913.91897967]
 [ 778.83767278 2713.99372211]]
img_12.png,large_yellow_rect,1029.0,1029.0,2565.942811201094,3165.856418658017,[[1101.83524962 3165.85641866]
 [1029.         1080.12776267]
 [2493.10756158 1029.        ]
 [2565.9428112  3114.72865599]]
img_12.png,large_blue_rect,103.0,459.0,2470.860904297064,2360.7222798025323,[[ 433.45309883 2360.7222798 ]
 [ 103.          929.37265463]
 [2140.40780547  459.        ]
 [2470.8609043  1890.34962517]]
img_12.png,large_red_rect,518.0,2157.0,2772.440068544166,3869.879093821265,[[ 697.02606546 3869.87909382]
 [ 518.         2411.82879706]
 [2593.41400308 2157.        ]
 [2772.44006854 3615.05029676]]
img_1.png,large_red_rect,1392.0,888.0,3580.3786890234132,2499.282376430648,[[1392.         2353.42158983]
 [1494.47225993  888.        ]
 [3580.37868902 1033.8607866 ]
 [3477.90642909 2499.28237643]]
img_1.png,small_yellow_square,390.0,2632.0,1569.471985581005,3813.9850202779267,[[ 923.66369161 3813.98502028]
 [ 390.         3154.96524496]
 [1035.80829397 2632.        ]
 [1569.47198558 3291.01977532]]
img_1.png,small_blue_square,1592.0,3026.0,2509.199526205104,3927.7458639642546,[[1592.         3099.90806985]
 [2436.77310398 3026.        ]
 [2509.19952621 3853.83779411]
 [1664.42642222 3927.74586396]]
img_1.png,small_red_square,2141.0,2714.0,3320.8478050541225,3890.9178673233437,[[2809.23311906 3890.91786732]
 [2141.         3368.83693625]
 [2652.614686   2714.        ]
 [3320.84780505 3236.08093108]]
img_1.png,large_red_square,2191.0,2585.0,3709.779194103083,4087.3828414877007,[[2191.         2636.26736066]
 [3659.10512489 2585.        ]
 [3709.7791941  4036.11548083]
 [2241.67406921 4087.38284149]]
img_1.png,small_blue_rect,2559.0,3460.0,4064.0636757949433,4033.240552385594,[[4019.9526643  4033.24055239]
 [2559.         3879.68823985]
 [2603.1110115  3460.        ]
 [4064.06367579 3613.55231254]]
img_1.png,small_red_rect,3349.0,2548.0,3771.0,4017.0,[[3349. 4017.]
 [3349. 2548.]
 [3771. 2548.]
 [3771. 4017.]]
img_1.png,small_yellow_rect,1040.0,3257.0,2568.1925459026943,4090.054641254101,[[2444.81168651 4090.05464125]
 [1040.         3660.56060702]
 [1163.38085939 3257.        ]
 [2568.1925459  3686.49403424]]
img_2.png,large_blue_rect,943.0,1568.0,3135.4845979484785,4075.7196806090287,[[ 943.         2165.49612868]
 [2284.99827728 1568.        ]
 [3135.48459795 3478.22355193]
 [1793.48632067 4075.71968061]]
img_2.png,small_yellow_square,1055.0,228.0,2057.2437804918254,1217.1497700232521,[[1884.46916542 1217.14977002]
 [1055.         1040.84065621]
 [1227.77461507  228.        ]
 [2057.24378049  404.30911381]]
img_2.png,small_blue_square,1907.0,456.0,2884.5382175243185,1446.9821267215282,[[1907.         1288.41985156]
 [2068.80602808  456.        ]
 [2884.53821752  614.56227516]
 [2722.73218945 1446.98212672]]
img_2.png,small_red_square,2760.0,448.0,3715.400169190666,1388.9315547383803,[[3599.74732229 1388.93155474]
 [2760.         1270.91276512]
 [2875.6528469   448.        ]
 [3715.40016919  566.01878961]]
img_2.png,small_blue_rect,38.0,767.0,732.5450856230582,2289.5317285335204,[[  38.         2209.01033248]
 [ 318.29841421  767.        ]
 [ 732.54508562  847.52139605]
 [ 452.24667141 2289.53172853]]
img_2.png,small_red_rect,2498.0,175.0,3981.191318159341,1274.962720397033,[[2498.          909.5       ]
 [3770.19131816  175.        ]
 [3981.19131816  540.4627204 ]
 [2709.         1274.9627204 ]]
img_2.png,small_yellow_rect,1583.0,179.0,3028.3836092006704,1367.2659476896406,[[1583.         1021.583785  ]
 [2786.33435306  179.        ]
 [3028.3836092   524.68216269]
 [1825.04925614 1367.26594769]]
img_1.png,large_red_rect,1238.0,1359.0,3449.07489980615,3004.6526695821276,[[1238.         2822.4100115 ]
 [1366.0317861  1359.        ]
 [3449.07489981 1541.24265809]
 [3321.04311371 3004.65266958]]
img_1.png,small_yellow_square,1537.0,103.0,2691.8745112456463,1252.0583144071811,[[1537.          539.75228752]
 [2263.877871    103.        ]
 [2691.87451125  815.30602688]
 [1964.99664025 1252.05831441]]
img_1.png,small_blue_square,144.0,2567.0,1146.2437804918254,3556.149770023252,[[ 144.         2743.30911381]
 [ 973.46916542 2567.        ]
 [1146.24378049 3379.84065621]
 [ 316.77461507 3556.14977002]]
img_1.png,small_red_square,580.0,72.0,1739.5076941184425,1226.0995039757474,[[1299.14478554 1226.09950398]
 [ 580.          776.72796791]
 [1020.36290858   72.        ]
 [1739.50769412  521.37153607]]
img_1.png,small_blue_rect,1649.0,603.0,3173.637559003055,1321.2005613209549,[[3085.89882548 1321.20056132]
 [1649.         1015.77828751]
 [1736.73873353  603.        ]
 [3173.637559    908.42227381]]
img_1.png,small_red_rect,431.0,3027.0,1926.1670134054093,4089.257609918941,[[ 431.         3716.65372573]
 [1728.05001391 3027.        ]
 [1926.16701341 3399.60388419]
 [ 629.1169995  4089.25760992]]
img_1.png,small_yellow_rect,127.0,3294.0,1643.9295165812346,3940.606708875247,[[1577.91417233 3940.60670888]
 [ 127.         3710.80447973]
 [ 193.01534425 3294.        ]
 [1643.92951658 3523.80222914]]
img_1.png,large_red_rect,1159.0,607.0,3588.1272789564073,2623.160921084942,[[1588.49403424 2623.16092108]
 [1159.         1218.34923458]
 [3158.63324472  607.        ]
 [3588.12727896 2011.81168651]]
img_1.png,large_red_rect,285.0,934.0,2840.4307096079683,3336.6826814705664,[[ 285.         2137.33435306]
 [1127.583785    934.        ]
 [2840.43070961 2133.34832841]
 [1997.84692461 3336.68268147]]
img_1.png,small_yellow_square,2955.0,605.0,3870.087831902005,1535.217720247716,[[3043.64013685 1535.21772025]
 [2955.          691.86315298]
 [3781.44769505  605.        ]
 [3870.0878319  1448.35456727]]
img_1.png,small_red_square,3140.0,2785.0,4070.217720247716,3700.087831902005,[[3140.         2873.64013685]
 [3983.35456727 2785.        ]
 [4070.21772025 3611.44769505]
 [3226.86315298 3700.0878319 ]]
img_1.png,small_blue_rect,2855.0,52.0,4137.238156441065,1437.5252835812462,[[3818.75071359 1437.52528358]
 [2855.          328.85691023]
 [3173.48744285   52.        ]
 [4137.23815644 1160.66837335]]
img_1.png,small_red_rect,2880.0,230.0,3883.288112626554,1739.7110456114142,[[3500.8262265  1739.71104561]
 [2880.          408.34490645]
 [3262.46188613  230.        ]
 [3883.28811263 1561.36613916]]
img_2.png,large_blue_rect,382.0,132.0,2917.8971424004903,2410.7150516950605,[[1071.65372573 2410.7150517 ]
 [ 382.         1113.66503779]
 [2228.24341667  132.        ]
 [2917.8971424  1429.05001391]]
img_2.png,small_yellow_square,3021.0,2336.0,4032.465516003871,3359.847871125369,[[3226.14976747 3359.84787113]
 [3021.         2537.03709524]
 [3827.31574854 2336.        ]
 [4032.465516   3158.81077588]]
img_2.png,small_blue_square,2983.0,782.0,4114.841334908204,1920.8704274194452,[[3381.11188524 1920.87042742]
 [2983.         1172.13086868]
 [3716.72944967  782.        ]
 [4114.84133491 1530.73955874]]
img_2.png,small_red_square,1658.0,2443.0,2843.178777120022,3626.5017177490736,[[1658.         2999.33805658]
 [2297.99372403 2443.        ]
 [2843.17877712 3070.16366117]
 [2203.18505309 3626.50171775]]
img_2.png,large_yellow_square,845.0,2465.0,2314.0,3917.0,[[2314. 3917.]
 [ 845. 3917.]
 [ 845. 2465.]
 [2314. 2465.]]
img_2.png,small_blue_rect,1022.0,2987.0,2511.072560088991,3485.3031833873147,[[1022.         3063.88151972]
 [2488.98678655 2987.        ]
 [2511.07256009 3408.42166367]
 [1044.08577353 3485.30318339]]
img_2.png,small_red_rect,2656.0,3373.0,4150.858821751703,3896.4442891397657,[[2656.         3475.47225993]
 [4121.42158983 3373.        ]
 [4150.85882175 3793.97202921]
 [2685.43723192 3896.44428914]]
img_2.png,small_yellow_rect,2473.0,3191.0,4001.4123954881634,4001.5637113811426,[[3885.09343133 4001.56371138]
 [2473.         3596.65243569]
 [2589.31896415 3191.        ]
 [4001.41239549 3595.9112757 ]]
img_3.png,large_yellow_rect,893.0,1410.0,3355.198009552296,3500.445728572027,[[2854.13849958 3500.44572857]
 [ 893.         2786.64968945]
 [1394.05950997 1410.        ]
 [3355.19800955 2123.79603912]]
img_3.png,small_yellow_square,1133.0,106.0,2034.7458639642546,1023.1995262051041,[[1133.          950.77310398]
 [1206.90806985  106.        ]
 [2034.74586396  178.42642222]
 [1960.83779411 1023.19952621]]
img_3.png,small_blue_square,2828.0,87.0,3909.0780815300805,1157.917649413257,[[2828.          377.03308154]
 [3624.85934243   87.        ]
 [3909.07808153  867.88456787]
 [3112.2187391  1157.91764941]]
img_3.png,small_red_square,2277.0,290.0,3389.6846984769154,1394.0689486292797,[[2277.          634.91267333]
 [3051.68654808  290.        ]
 [3389.68469848 1049.1562753 ]
 [2614.9981504  1394.06894863]]
img_3.png,small_blue_rect,3432.0,934.0,3879.5733124123662,2410.1411797012724,[[3432.         2402.77626418]
 [3457.63758506  934.        ]
 [3879.57331241  941.36491552]
 [3853.93572736 2410.1411797 ]]
img_3.png,small_red_rect,204.0,391.0,1730.3565487363167,1268.2684578004755,[[1592.96678756 1268.2684578 ]
 [ 204.          790.0088389 ]
 [ 341.38976118  391.        ]
 [1730.35654874  869.2596189 ]]
img_3.png,small_yellow_rect,174.0,1340.0,621.5733124123662,2816.141179701272,[[ 174.         2808.77626418]
 [ 199.63758506 1340.        ]
 [ 621.57331241 1347.36491552]
 [ 595.93572736 2816.1411797 ]]
img_4.png,small_yellow_rect,1211.0,1749.0,2656.3836092006704,2937.2659476896406,[[1211.         2591.583785  ]
 [2414.33435306 1749.        ]
 [2656.3836092  2094.68216269]
 [1453.04925614 2937.26594769]]
img_4.png,small_yellow_square,2557.0,82.0,3689.8396377952995,1207.4103653796697,[[2557.          466.98394378]
 [3312.57353251   82.        ]
 [3689.8396378   822.4264216 ]
 [2934.26610528 1207.41036538]]
img_4.png,small_blue_square,555.0,332.0,1660.2856835022558,1428.2795301778824,[[1335.58811573 1428.27953018]
 [ 555.         1096.93953322]
 [ 879.69756777  332.        ]
 [1660.2856835   663.33999696]]
img_4.png,small_red_square,1409.0,135.0,2312.901944301699,1023.1292155009323,[[1409.          194.15348974]
 [2254.93431462  135.        ]
 [2312.9019443   963.97572577]
 [1466.96762968 1023.1292155 ]]
img_4.png,large_blue_square,10.0,212.0,1479.0,1664.0,[[1479. 1664.]
 [  10. 1664.]
 [  10.  212.]
 [1479.  212.]]
img_4.png,small_blue_rect,889.0,3099.0,2402.4348415865143,3721.3384103192793,[[2343.70379298 3721.33841032]
 [ 889.         3516.89312501]
 [ 947.73104861 3099.        ]
 [2402.43484159 3303.44528531]]
img_4.png,small_red_rect,2543.0,404.0,3917.05286450973,1700.5599770926237,[[3634.67974863 1700.55997709]
 [2543.          717.60711635]
 [2825.37311588  404.        ]
 [3917.05286451 1386.95286074]]
img_4.png,large_yellow_rect,1893.0,1410.0,4029.856418658017,2946.9428112010937,[[3978.72865599 2946.9428112 ]
 [1893.         2874.10756158]
 [1944.12776267 1410.        ]
 [4029.85641866 1482.83524962]]
img_1.png,large_red_rect,695.0,1330.0,3048.843834765421,3881.719968221665,[[1940.78265325 3881.71996822]
 [ 695.         3103.26856906]
 [1803.06118151 1330.        ]
 [3048.84383477 2108.45139916]]
img_1.png,large_red_rect,747.0,925.0,2916.240419392706,3423.759676319796,[[ 747.         1498.98402775]
 [2099.22162972  925.        ]
 [2916.24041939 2849.77564857]
 [1564.01878967 3423.75967632]]
img_1.png,large_red_rect,1425.0,263.0,3934.240819327242,2787.5926687123865,[[2481.7101667  2787.59266871]
 [1425.         1767.13952251]
 [2877.53065263  263.        ]
 [3934.24081933 1283.4531462 ]]
img_1.png,small_yellow_square,1782.0,2955.0,2887.285683502256,4051.2795301778824,[[2562.58811573 4051.27953018]
 [1782.         3719.93953322]
 [2106.69756777 2955.        ]
 [2887.2856835  3286.33999696]]
img_1.png,small_blue_square,141.0,247.0,1308.1081668298393,1418.2829521647845,[[ 141.          941.64093356]
 [ 627.39281803  247.        ]
 [1308.10816683  723.64201861]
 [ 821.7153488  1418.28295216]]
img_1.png,small_red_square,2534.0,2837.0,3534.460017920128,3850.200141097631,[[2534.         3663.26581494]
 [2724.75849408 2837.        ]
 [3534.46001792 3023.93432616]
 [3343.70152384 3850.2001411 ]]
img_1.png,small_blue_rect,61.0,1371.0,1371.4868530150998,2733.161895624936,[[1062.85559093 2733.16189562]
 [  61.         1658.80330795]
 [ 369.63126208 1371.        ]
 [1371.48685302 2445.35858768]]
img_1.png,small_red_rect,1021.0,2842.0,2438.3969396357024,4078.947245275429,[[1021.         3746.40670725]
 [2178.58779705 2842.        ]
 [2438.39693964 3174.54053802]
 [1280.80914259 4078.94724528]]
img_1.png,small_yellow_rect,2200.0,2812.0,3596.575658229498,4079.5257536257354,[[3325.31928694 4079.52575363]
 [2200.         3135.270755  ]
 [2471.25637129 2812.        ]
 [3596.57565823 3756.25499863]]
img_2.png,large_blue_rect,1763.0,2330.0,3974.07489980615,3975.6526695821276,[[1763.         3793.4100115 ]
 [1891.0317861  2330.        ]
 [3974.07489981 2512.24265809]
 [3846.04311371 3975.65266958]]
img_2.png,small_yellow_square,1428.0,450.0,2395.5567532731084,1403.4254373886752,[[1428.          582.65642635]
 [2265.55971282  450.        ]
 [2395.55675327 1270.76901103]
 [1557.99704045 1403.42543739]]
img_2.png,small_blue_square,3016.0,883.0,3993.5382175243185,1873.9821267215282,[[3016.         1715.41985156]
 [3177.80602808  883.        ]
 [3993.53821752 1041.56227516]
 [3831.73218945 1873.98212672]]
img_2.png,small_red_square,1248.0,409.0,2213.628897414702,1388.4186101955713,[[1395.25365466 1388.4186102 ]
 [1248.          553.30163564]
 [2066.37524275  409.        ]
 [2213.62889741 1244.11697455]]
img_2.png,large_yellow_square,359.0,218.0,1994.0045833853765,1838.2030776453612,[[1817.05029676 1838.20307765]
 [ 359.         1659.17701218]
 [ 535.95428662  218.        ]
 [1994.00458339  397.02606546]]
img_2.png,large_blue_square,769.0,104.0,2833.6202064893096,2167.7811656828458,[[ 769.         1105.85559093]
 [1843.35858768  104.        ]
 [2833.62020649 1165.92557475]
 [1759.26161881 2167.78116568]]
img_2.png,large_red_square,1230.0,352.0,3081.1525906677707,2213.6917478271876,[[1708.2596189  2213.69174783]
 [1230.          824.72496027]
 [2602.89297177  352.        ]
 [3081.15259067 1740.96678756]]
img_2.png,small_blue_rect,1821.0,128.0,2741.413457863865,1650.6609212325056,[[2347.44251788 1650.66092123]
 [1821.          279.23127471]
 [2214.97093998  128.        ]
 [2741.41345786 1499.42964652]]
img_2.png,small_red_rect,148.0,1939.0,1430.2381564410653,3324.525283581246,[[ 148.         3047.66837335]
 [1111.75071359 1939.        ]
 [1430.23815644 2215.85691023]
 [ 466.48744285 3324.52528358]]
img_2.png,small_yellow_rect,2659.0,49.0,3557.9778765170613,1573.740960417932,[[2659.         1429.40845993]
 [3161.42759055   49.        ]
 [3557.97787652  193.33250048]
 [3055.55028597 1573.74096042]]
img_2.png,large_yellow_rect,408.0,64.0,2870.198009552296,2154.445728572027,[[ 408.          777.79603912]
 [2369.13849958   64.        ]
 [2870.19800955 1440.64968945]
 [ 909.05950997 2154.44572857]]
img_3.png,large_yellow_rect,304.0,580.0,2510.741498042793,2221.3192678187706,[[2383.05833492 2221.31926782]
 [ 304.         2039.4252327 ]
 [ 431.68316313  580.        ]
 [2510.74149804  761.89403511]]
img_3.png,small_yellow_square,3123.0,3108.0,3999.4849030719715,3968.0885504565895,[[3123.         3137.5947732 ]
 [3970.48342131 3108.        ]
 [3999.48490307 3938.49377725]
 [3152.00148176 3968.08855046]]
img_3.png,small_blue_square,2906.0,743.0,4092.234345889042,1927.9761041640265,[[2906.         1310.42275419]
 [3536.186812    743.        ]
 [4092.23434589 1360.55334997]
 [3462.04753388 1927.97610416]]
img_3.png,small_red_square,954.0,2533.0,1871.1995262051041,3434.7458639642546,[[ 954.         2606.90806985]
 [1798.77310398 2533.        ]
 [1871.19952621 3360.83779411]
 [1026.42642222 3434.74586396]]
img_3.png,large_yellow_square,148.0,2292.0,1737.960149966374,3866.5064877255245,[[ 148.         2420.0317861 ]
 [1611.4100115  2292.        ]
 [1737.96014997 3738.47470163]
 [ 274.55013847 3866.50648773]]
img_3.png,small_blue_rect,826.0,2444.0,1544.2005613209549,3968.637559003055,[[ 826.         3880.89882548]
 [1131.42227381 2444.        ]
 [1544.20056132 2531.73873353]
 [1238.77828751 3968.637559  ]]
img_3.png,small_red_rect,523.0,3454.0,2039.9295165812346,4100.606708875247,[[1973.91417233 4100.60670888]
 [ 523.         3870.80447973]
 [ 589.01534425 3454.        ]
 [2039.92951658 3683.80222914]]
img_3.png,small_yellow_rect,3282.0,1529.0,3879.8805414547996,3038.479159678074,[[3282.         2987.05029676]
 [3461.02606546 1529.        ]
 [3879.88054145 1580.42886292]
 [3700.85447599 3038.47915968]]
img_4.png,small_yellow_rect,1523.0,1051.0,3023.472574922801,2093.916797324886,[[2831.88858403 2093.91679732]
 [1523.         1427.00475321]
 [1714.58399089 1051.        ]
 [3023.47257492 1717.91204412]]
img_4.png,small_yellow_square,2016.0,2396.0,3128.6846984769154,3500.0689486292795,[[2016.         2740.91267333]
 [2790.68654808 2396.        ]
 [3128.68469848 3155.1562753 ]
 [2353.9981504  3500.06894863]]
img_4.png,small_blue_square,524.0,1723.0,1503.4186101955713,2688.628897414702,[[1359.11697455 2688.62889741]
 [ 524.         2541.37524275]
 [ 668.30163564 1723.        ]
 [1503.4186102  1870.25365466]]
img_4.png,small_red_square,1210.0,2628.0,2397.232285612213,3815.2322856122137,[[1809.62655045 3815.23228561]
 [1210.         3215.60573517]
 [1797.60573517 2628.        ]
 [2397.23228561 3227.62655045]]
img_4.png,large_yellow_square,529.0,2315.0,2164.0045833853765,3935.203077645361,[[ 529.         2494.02606546]
 [1987.05029676 2315.        ]
 [2164.00458339 3756.17701218]
 [ 705.95428662 3935.20307765]]
img_4.png,large_blue_square,1705.0,2143.0,3641.785133274303,4088.007855204334,[[2325.8262265  4088.0078552 ]
 [1705.         2756.64171605]
 [3020.95890678 2143.        ]
 [3641.78513327 3474.36613916]]
img_4.png,small_blue_rect,528.0,3051.0,2017.072560088991,3549.3031833873147,[[1994.98678655 3549.30318339]
 [ 528.         3472.42166367]
 [ 550.08577353 3051.        ]
 [2017.07256009 3127.88151972]]
img_4.png,small_red_rect,537.0,3481.0,2042.0636757949433,4054.240552385594,[[1997.9526643  4054.24055239]
 [ 537.         3900.68823985]
 [ 581.1110115  3481.        ]
 [2042.06367579 3634.55231254]]
img_4.png,large_yellow_rect,2112.0,1703.0,4095.5035461397147,4112.961885695175,[[2112.         3709.15315942]
 [2687.25516159 1703.        ]
 [4095.50354614 2106.80872627]
 [3520.24838455 4112.9618857 ]]
img_4.png,large_blue_rect,1721.0,1761.0,3297.4212710584643,3926.0158768926985,[[3187.98678655 3926.01587689]
 [1721.         3849.13435717]
 [1830.4344845  1761.        ]
 [3297.42127106 1837.88151972]]
img_4.png,large_red_rect,1669.0,717.0,3789.777029023612,3195.559189687695,[[1669.         1243.44251788]
 [3040.42964652  717.        ]
 [3789.77702902 2669.11667181]
 [2418.3473825  3195.55918969]]
img_5.png,small_red_rect,1268.0,378.0,2795.455461842499,1142.8480611243822,[[1268.          733.38326464]
 [2693.3644219   378.        ]
 [2795.45546184  787.46479649]
 [1370.09103994 1142.84806112]]
img_5.png,small_yellow_square,1702.0,2794.0,2617.0878319020053,3724.217720247716,[[1790.64013685 3724.21772025]
 [1702.         2880.86315298]
 [2528.44769505 2794.        ]
 [2617.0878319  3637.35456727]]
img_1.png,large_red_rect,2229.0,24.0,3941.879093821265,2278.440068544166,[[2229.          203.02606546]
 [3687.05029676   24.        ]
 [3941.87909382 2099.41400308]
 [2483.82879706 2278.44006854]]
img_1.png,small_yellow_square,2142.0,2616.0,3043.7458639642546,3533.199526205104,[[2215.90806985 3533.19952621]
 [2142.         2688.42642222]
 [2969.83779411 2616.        ]
 [3043.74586396 3460.77310398]]
img_1.png,small_blue_square,578.0,1156.0,1765.2322856122137,2343.2322856122137,[[ 578.         1755.62655045]
 [1177.62655045 1156.        ]
 [1765.23228561 1743.60573517]
 [1165.60573517 2343.23228561]]
img_1.png,small_red_square,305.0,2932.0,1454.0583144071816,4086.8745112456463,[[ 305.         3658.877871  ]
 [ 741.75228752 2932.        ]
 [1454.05831441 3359.99664025]
 [1017.30602688 4086.87451125]]
img_1.png,large_yellow_square,1133.0,2332.0,2951.048539896028,4161.335401767113,[[1133.         3736.81168651]
 [1562.49403424 2332.        ]
 [2951.0485399  2756.52371526]
 [2521.55450566 4161.33540177]]
img_1.png,large_blue_square,275.0,2165.0,1980.6210845741525,3884.0649937713615,[[ 555.29841421 3884.06499377]
 [ 275.         2442.05466129]
 [1700.32267037 2165.        ]
 [1980.62108457 3607.01033248]]
img_1.png,large_red_square,615.0,361.0,2189.5064877255245,1950.960149966374,[[ 615.         1824.4100115 ]
 [ 743.0317861   361.        ]
 [2189.50648773  487.55013847]
 [2061.47470163 1950.96014997]]
img_1.png,small_blue_rect,1455.0,1233.0,2003.4259486910269,2733.189734936286,[[1455.         2696.4100115 ]
 [1583.0317861  1233.        ]
 [2003.42594869 1269.77972344]
 [1875.39416259 2733.18973494]]
img_1.png,small_red_rect,1862.0,2506.0,2980.315532939161,3982.524832343446,[[2618.59093204 3982.52483234]
 [1862.         2723.34606761]
 [2223.7246009  2506.        ]
 [2980.31553294 3765.17876473]]
img_1.png,small_yellow_rect,11.0,2406.0,1129.3155329391611,3882.524832343446,[[  11.         3665.17876473]
 [ 767.59093204 2406.        ]
 [1129.31553294 2623.34606761]
 [ 372.7246009  3882.52483234]]
img_1.png,large_yellow_rect,775.0,2338.0,2911.856418658017,3874.9428112010946,[[ 775.         2410.83524962]
 [2860.72865599 2338.        ]
 [2911.85641866 3802.10756158]
 [ 826.12776267 3874.9428112 ]]
img_2.png,large_blue_rect,380.0,813.0,2423.256557675595,3255.6051403099646,[[1777.10202244 3255.60514031]
 [ 380.         2801.65917557]
 [1026.15453524  813.        ]
 [2423.25655768 1266.94596474]]
img_2.png,small_yellow_square,2689.0,2701.0,3859.7350162695984,3875.4959558850005,[[2689.         3387.04641123]
 [3187.44189394 2701.        ]
 [3859.73501627 3189.44954466]
 [3361.29312233 3875.49595589]]
img_2.png,small_blue_square,2895.0,2648.0,3743.0,3479.0,[[3743. 3479.]
 [2895. 3479.]
 [2895. 2648.]
 [3743. 2648.]]
img_2.png,small_red_square,3067.0,2691.0,4120.907319681248,3733.6204578101633,[[3067.         2938.9312056 ]
 [3877.94643306 2691.        ]
 [4120.90731968 3485.68925221]
 [3309.96088662 3733.62045781]]
img_2.png,large_blue_square,2551.0,1928.0,4028.41643842345,3422.1171583316745,[[2576.63758506 3422.11715833]
 [2551.         1953.34089415]
 [4002.77885337 1928.        ]
 [4028.41643842 3396.77626418]]
img_2.png,small_blue_rect,3198.0,2004.0,3795.8805414547996,3513.479159678074,[[3377.02606546 3513.47915968]
 [3198.         2055.42886292]
 [3616.85447599 2004.        ]
 [3795.88054145 3462.05029676]]
img_2.png,small_red_rect,3308.0,680.0,3881.240552385594,2185.0636757949433,[[3308.         2140.9526643 ]
 [3461.55231254  680.        ]
 [3881.24055239  724.1110115 ]
 [3727.68823985 2185.06367579]]
img_2.png,small_yellow_rect,2900.0,1245.0,3962.257609918941,2740.1670134054093,[[2900.         2542.05001391]
 [3589.65372573 1245.        ]
 [3962.25760992 1443.1169995 ]
 [3272.60388419 2740.16701341]]
img_3.png,large_yellow_rect,187.0,1419.0,2596.9618856951747,3402.5035461397147,[[ 187.         1994.25516159]
 [2193.15315942 1419.        ]
 [2596.9618857  2827.24838455]
 [ 590.80872627 3402.50354614]]
img_3.png,small_yellow_square,2860.0,1511.0,3913.907319681248,2553.620457810163,[[2860.         1758.9312056 ]
 [3670.94643306 1511.        ]
 [3913.90731968 2305.68925221]
 [3102.96088662 2553.62045781]]
img_3.png,small_blue_square,2674.0,1857.0,3550.4849030719715,2717.0885504565895,[[2674.         1886.5947732 ]
 [3521.48342131 1857.        ]
 [3550.48490307 2687.49377725]
 [2703.00148176 2717.08855046]]
img_3.png,small_red_square,1320.0,224.0,2483.787679715207,1382.78914365539,[[2031.19264162 1382.78914366]
 [1320.          920.93524196]
 [1772.5950381   224.        ]
 [2483.78767972  685.85390169]]
img_3.png,small_blue_rect,2671.0,441.0,3244.240552385594,1946.0636757949433,[[2671.         1901.9526643 ]
 [2824.55231254  441.        ]
 [3244.24055239  485.1110115 ]
 [3090.68823985 1946.06367579]]
img_3.png,small_red_rect,2711.0,1481.0,3792.2748485546945,2970.4060095317272,[[2711.         2765.81634979]
 [3423.18533214 1481.        ]
 [3792.27484855 1685.58965974]
 [3080.08951641 2970.40600953]]
img_3.png,small_yellow_rect,2681.0,1564.0,4005.0145419471773,2913.855999031175,[[2681.         2620.7101667 ]
 [3701.4531462  1564.        ]
 [4005.01454195 1857.14583233]
 [2984.56139574 2913.85599903]]
img_4.png,small_yellow_rect,2199.0,1779.0,3140.568672355159,3299.117064780126,[[2749.29708573 3299.11706478]
 [2199.         1937.08398242]
 [2590.27158663 1779.        ]
 [3140.56867236 3141.03308236]]
img_4.png,small_yellow_square,885.0,916.0,1761.4849030719715,1776.0885504565895,[[ 885.          945.5947732 ]
 [1732.48342131  916.        ]
 [1761.48490307 1746.49377725]
 [ 914.00148176 1776.08855046]]
img_4.png,small_blue_square,591.0,1409.0,1729.8704274194452,2540.841334908204,[[ 591.         1807.11188524]
 [1339.73955874 1409.        ]
 [1729.87042742 2142.72944967]
 [ 981.13086868 2540.84133491]]
img_4.png,small_red_square,3188.0,525.0,4076.1292155009323,1428.9019443016994,[[3188.         1370.93431462]
 [3247.15348974  525.        ]
 [4076.1292155   582.96762968]
 [4016.97572577 1428.9019443 ]]
img_4.png,large_yellow_square,29.0,14.0,1934.9618559985156,1910.5680425589508,[[1391.03308236 1910.56804256]
 [  29.         1360.27095683]
 [ 572.92877364   14.        ]
 [1934.961856    564.29708573]]
img_4.png,large_blue_square,199.0,381.0,2050.1525906677707,2242.691747827188,[[ 199.         1769.96678756]
 [ 677.2596189   381.        ]
 [2050.15259067  853.72496027]
 [1571.89297177 2242.69174783]]
img_4.png,large_red_square,41.0,1636.0,1591.9352609073849,3202.7079897081517,[[ 143.47225993 3202.70798971]
 [  41.         1737.28639988]
 [1489.46300098 1636.        ]
 [1591.93526091 3101.42158983]]
img_4.png,small_blue_rect,173.0,739.0,843.6780447638721,2258.962120150378,[[ 173.         2185.68258917]
 [ 428.08917299  739.        ]
 [ 843.67804476  812.27953098]
 [ 588.58887177 2258.96212015]]
img_4.png,small_red_rect,1078.0,3512.0,2578.189734936286,4060.425948691027,[[2541.4100115  4060.42594869]
 [1078.         3932.39416259]
 [1114.77972344 3512.        ]
 [2578.18973494 3640.0317861 ]]
img_4.png,large_blue_rect,679.0,43.0,3108.127278956407,2059.160921084942,[[ 679.         1447.81168651]
 [1108.49403424   43.        ]
 [3108.12727896  654.34923458]
 [2678.63324472 2059.16092108]]
img_4.png,large_red_rect,1824.0,47.0,3940.319115628383,1552.269246045098,[[1824.         1515.77626418]
 [1849.63758506   47.        ]
 [3940.31911563   83.49298186]
 [3914.68153057 1552.26924605]]
img_5.png,small_red_rect,399.0,2553.0,1117.2005613209549,4077.637559003055,[[ 399.         3989.89882548]
 [ 704.42227381 2553.        ]
 [1117.20056132 2640.73873353]
 [ 811.77828751 4077.637559  ]]
img_5.png,small_yellow_square,1048.0,1356.0,2037.1497700232526,2358.243780491825,[[1048.         2185.46916542]
 [1224.30911381 1356.        ]
 [2037.14977002 1528.77461507]
 [1860.84065621 2358.24378049]]
img_5.png,small_blue_square,1582.0,2697.0,2714.8396377952995,3822.410365379669,[[2337.57353251 3822.41036538]
 [1582.         3437.4264216 ]
 [1959.26610528 2697.        ]
 [2714.8396378  3081.98394378]]
img_5.png,small_red_square,2268.0,3056.0,3279.465516003871,4079.8478711253692,[[2268.         3878.81077588]
 [2473.14976747 3056.        ]
 [3279.465516   3257.03709524]
 [3074.31574854 4079.84787113]]
img_5.png,large_yellow_square,1979.0,49.0,3947.0827896545343,2009.6535172389047,[[3287.88858403 2009.65351724]
 [1979.         1342.74147312]
 [2638.19420562   49.        ]
 [3947.08278965  715.91204412]]
img_5.png,large_blue_square,1598.0,1032.0,3067.0,2484.0,[[3067. 2484.]
 [1598. 2484.]
 [1598. 1032.]
 [3067. 1032.]]
img_5.png,large_red_square,342.0,424.0,2400.6468962066338,2480.551530038282,[[ 342.         1368.25499863]
 [1467.31928694  424.        ]
 [2400.64689621 1536.29653141]
 [1275.32760926 2480.55153004]]
img_5.png,small_blue_rect,1331.0,170.0,2655.0145419471773,1519.855999031175,[[2351.4531462  1519.85599903]
 [1331.          463.14583233]
 [1634.56139574  170.        ]
 [2655.01454195 1226.7101667 ]]
img_5.png,small_yellow_rect,191.0,1320.0,1673.8327124995067,1793.010289658032,[[1659.10512489 1793.01028966]
 [ 191.         1741.742929  ]
 [ 205.72758761 1320.        ]
 [1673.8327125  1371.26736066]]
img_5.png,large_yellow_rect,2245.0,329.0,4111.897933811689,2674.984669779469,[[2678.91169874 2674.98466978]
 [2245.          633.59062705]
 [3677.98623508  329.        ]
 [4111.89793381 2370.39404273]]
img_5.png,large_blue_rect,1933.0,824.0,4102.240419392707,3322.759676319796,[[1933.         1397.98402775]
 [3285.22162972  824.        ]
 [4102.24041939 2748.77564857]
 [2750.01878967 3322.75967632]]
img_5.png,large_red_rect,1523.0,370.0,3424.7222798025323,2737.8609042970647,[[1523.          700.45309883]
 [2954.34962517  370.        ]
 [3424.7222798  2407.40780547]
 [1993.37265463 2737.8609043 ]]
img_6.png,small_blue_rect,1726.0,2623.0,3171.3836092006704,3811.2659476896415,[[2929.33435306 3811.26594769]
 [1726.         2968.68216269]
 [1968.04925614 2623.        ]
 [3171.3836092  3465.583785  ]]
img_6.png,small_yellow_square,324.0,1441.0,1387.2890481438717,2493.3743762712274,[[ 324.         1703.04641123]
 [1130.49592582 1441.        ]
 [1387.28904814 2231.32796504]
 [ 580.79312233 2493.37437627]]
img_6.png,small_blue_square,8.0,2168.0,884.4849030719715,3028.0885504565895,[[ 855.48342131 3028.08855046]
 [   8.         2998.49377725]
 [  37.00148176 2168.        ]
 [ 884.48490307 2197.5947732 ]]
img_6.png,small_red_square,1777.0,252.0,2963.928576184993,1438.0895353785293,[[2397.18793897 1438.08953538]
 [1777.          859.75492605]
 [2343.74063721  252.        ]
 [2963.92857618  830.33460933]]
img_6.png,large_yellow_square,1806.0,626.0,3462.7831355753824,2268.3145211230967,[[1806.          830.44528531]
 [3260.70379298  626.        ]
 [3462.78313558 2063.86923581]
 [2008.07934259 2268.31452112]]
img_6.png,large_blue_square,1057.0,139.0,3105.5983214903517,2190.5282592211306,[[1057.         1296.58779705]
 [1961.40670725  139.        ]
 [3105.59832149 1032.94046217]
 [2201.19161424 2190.52825922]]
img_6.png,large_red_square,1749.0,5.0,3412.9256996882395,1683.0570155726728,[[1978.80222914 1683.05701557]
 [1749.          232.14284324]
 [3183.12347054    5.        ]
 [3412.92569969 1455.91417233]]
img_6.png,small_red_rect,505.0,667.0,1757.4272501870528,2074.200622403321,[[ 505.         1808.62741738]
 [1429.47165445  667.        ]
 [1757.42725019  932.57320502]
 [ 832.95559573 2074.2006224 ]]
img_6.png,small_yellow_rect,473.0,1427.0,1955.8327124995067,1900.010289658032,[[ 473.         1478.26736066]
 [1941.10512489 1427.        ]
 [1955.8327125  1848.742929  ]
 [ 487.72758761 1900.01028966]]
img_6.png,large_yellow_rect,1510.0,907.0,4012.4385522061557,3094.203469545606,[[3416.5693701  3094.20346955]
 [1510.         2245.34409545]
 [2105.86918211  907.        ]
 [4012.43855221 1755.8593741 ]]
img_6.png,large_blue_rect,1091.0,766.0,3386.0585493285325,2544.0186387333806,[[1320.80222914 2544.01863873]
 [1091.         1093.1044664 ]
 [3156.25632018  766.        ]
 [3386.05854933 2216.91417233]]
img_6.png,large_red_rect,36.0,977.0,2491.338960475734,3046.729798525311,[[  36.         2365.96678756]
 [ 514.2596189   977.        ]
 [2491.33896048 1657.76301097]
 [2013.07934158 3046.72979853]]
img_7.png,large_red_square,1006.0,1175.0,2835.3354017671127,2993.0485398960277,[[1006.         1604.49403424]
 [2410.81168651 1175.        ]
 [2835.33540177 2563.55450566]
 [1430.52371526 2993.0485399 ]]
img_7.png,small_yellow_square,3000.0,531.0,4023.8478711253683,1542.465516003871,[[3000.          736.14976747]
 [3822.81077588  531.        ]
 [4023.84787113 1337.31574854]
 [3201.03709524 1542.465516  ]]
img_7.png,small_blue_square,1716.0,3091.0,2716.460017920128,4104.200141097631,[[1716.         3917.26581494]
 [1906.75849408 3091.        ]
 [2716.46001792 3277.93432616]
 [2525.70152384 4104.2001411 ]]
img_7.png,small_red_square,2900.0,1358.0,3944.20456083962,2390.5489470575585,[[2900.         1591.74047773]
 [3715.14991816 1358.        ]
 [3944.20456084 2156.80846932]
 [3129.05464268 2390.54894706]]
img_7.png,small_blue_rect,3153.0,537.0,3940.82587594959,2065.166675851905,[[3533.20517726 2065.16667585]
 [3153.          646.22163703]
 [3560.62069869  537.        ]
 [3940.82587595 1955.94503882]]
img_7.png,small_red_rect,413.0,236.0,1929.9295165812346,882.606708875247,[[ 413.          465.80222914]
 [1863.91417233  236.        ]
 [1929.92951658  652.80447973]
 [ 479.01534425  882.60670888]]
img_7.png,small_yellow_rect,306.0,922.0,804.3031833873147,2411.072560088991,[[ 382.88151972 2411.07256009]
 [ 306.          944.08577353]
 [ 727.42166367  922.        ]
 [ 804.30318339 2388.98678655]]
img_8.png,large_blue_square,1308.0,1088.0,3325.824407093831,3110.8229431536474,[[1308.         2320.00706431]
 [2108.07474244 1088.        ]
 [3325.82440709 1878.81587884]
 [2525.74966466 3110.82294315]]
img_8.png,small_yellow_square,3185.0,128.0,4045.0885504565895,1004.4849030719715,[[3185.          975.48342131]
 [3214.5947732   128.        ]
 [4045.08855046  157.00148176]
 [4015.49377725 1004.48490307]]
img_8.png,small_red_square,128.0,1781.0,976.0,2612.0,[[ 128. 1781.]
 [ 976. 1781.]
 [ 976. 2612.]
 [ 128. 2612.]]
img_8.png,large_red_square,469.0,2223.0,2263.7502923075017,4005.72947702733,[[1887.94503882 4005.72947703]
 [ 469.         3625.52429977]
 [ 844.80525349 2223.        ]
 [2263.75029231 2603.20517726]]
img_8.png,small_blue_rect,2348.0,3170.0,3872.740960417932,4068.9778765170604,[[2348.         3672.42759055]
 [3728.40845993 3170.        ]
 [3872.74096042 3566.55028597]
 [2492.33250048 4068.97787652]]
img_8.png,small_red_rect,2070.0,2729.0,3523.835599348012,3900.308230816755,[[2070.         3550.4543752 ]
 [3287.85619408 2729.        ]
 [3523.83559935 3078.85385562]
 [2305.97940526 3900.30823082]]
img_8.png,small_yellow_rect,3190.0,552.0,3908.200561320955,2076.637559003055,[[3190.         1988.89882548]
 [3495.42227381  552.        ]
 [3908.20056132  639.73873353]
 [3602.77828751 2076.637559  ]]
img_8.png,large_yellow_rect,1572.0,2188.0,3951.422757791517,4114.374235110841,[[3597.00718074 4114.37423511]
 [1572.         3609.48323899]
 [1926.41557705 2188.        ]
 [3951.42275779 2692.89099612]]
img_1.png,large_red_rect,427.0,833.0,2797.8472865282492,3386.734900010956,[[1659.00706431 3386.73490001]
 [ 427.         2586.66015757]
 [1565.84022222  833.        ]
 [2797.84728653 1633.07474244]]
img_1.png,small_blue_square,2874.0,1556.0,3944.917649413257,2637.0780815300805,[[2874.         2352.85934243]
 [3164.03308154 1556.        ]
 [3944.91764941 1840.2187391 ]
 [3654.88456787 2637.07808153]]
img_1.png,small_red_square,2980.0,2395.0,3840.0885504565895,3271.4849030719715,[[2980.         3242.48342131]
 [3009.5947732  2395.        ]
 [3840.08855046 2424.00148176]
 [3810.49377725 3271.48490307]]
img_1.png,small_blue_rect,3141.0,2218.0,3787.606708875247,3734.9295165812346,[[3141.         3668.91417233]
 [3370.80222914 2218.        ]
 [3787.60670888 2284.01534425]
 [3557.80447973 3734.92951658]]
img_1.png,small_red_rect,3246.0,2251.0,3843.8805414547996,3760.479159678074,[[3425.02606546 3760.47915968]
 [3246.         2302.42886292]
 [3664.85447599 2251.        ]
 [3843.88054145 3709.05029676]]
img_1.png,large_red_rect,1507.0,1019.0,3938.590777670406,3573.0131205192483,[[2680.19556426 3573.01312052]
 [1507.         2688.94685151]
 [2765.39521341 1019.        ]
 [3938.59077767 1903.06626901]]
img_1.png,small_yellow_square,601.0,1993.0,1477.4849030719715,2853.0885504565895,[[ 601.         2022.5947732 ]
 [1448.48342131 1993.        ]
 [1477.48490307 2823.49377725]
 [ 630.00148176 2853.08855046]]
img_1.png,small_blue_square,278.0,2030.0,1465.2322856122137,3217.2322856122137,[[ 278.         2629.62655045]
 [ 877.62655045 2030.        ]
 [1465.23228561 2617.60573517]
 [ 865.60573517 3217.23228561]]
img_1.png,small_red_square,149.0,742.0,1238.4799677417714,1821.7013556335894,[[ 149.         1045.89602121]
 [ 940.67620167  742.        ]
 [1238.47996774 1517.80533442]
 [ 446.80376607 1821.70135563]]
img_1.png,small_blue_rect,581.0,142.0,2081.189734936286,690.4259486910269,[[ 581.          270.0317861 ]
 [2044.4100115   142.        ]
 [2081.18973494  562.39416259]
 [ 617.77972344  690.42594869]]
img_1.png,small_red_rect,773.0,1289.0,1443.678044763872,2808.962120150378,[[1028.08917299 2808.96212015]
 [ 773.         1362.27953098]
 [1188.58887177 1289.        ]
 [1443.67804476 2735.68258917]]
img_1.png,small_yellow_rect,306.0,425.0,1309.2881126265538,1934.7110456114137,[[ 926.8262265  1934.71104561]
 [ 306.          603.34490645]
 [ 688.46188613  425.        ]
 [1309.28811263 1756.36613916]]
img_2.png,large_blue_rect,844.0,1618.0,2385.0799724959816,3758.993579952903,[[ 844.         1669.26736066]
 [2312.10512489 1618.        ]
 [2385.0799725  3707.7262193 ]
 [ 916.9748476  3758.99357995]]
img_2.png,small_yellow_square,2185.0,413.0,3264.701355633589,1502.4799677417718,[[2488.89602121 1502.47996774]
 [2185.          710.80376607]
 [2960.80533442  413.        ]
 [3264.70135563 1204.67620167]]
img_2.png,small_blue_square,2759.0,2536.0,3619.0885504565895,3412.4849030719715,[[2788.5947732  3412.48490307]
 [2759.         2565.00148176]
 [3589.49377725 2536.        ]
 [3619.08855046 3383.48342131]]
img_2.png,small_red_square,2722.0,878.0,3664.9525609615184,1806.1510552215038,[[3563.67913659 1806.15105522]
 [2722.         1702.80585201]
 [2823.27342437  878.        ]
 [3664.95256096  981.34520321]]
img_2.png,large_red_square,2145.0,19.0,3695.935260907385,1585.7079897081521,[[2145.         1484.42158983]
 [2247.47225993   19.        ]
 [3695.93526091  120.28639988]
 [3593.46300098 1585.70798971]]
img_2.png,small_blue_rect,2862.0,368.0,3760.9778765170613,1892.740960417932,[[2862.         1748.40845993]
 [3364.42759055  368.        ]
 [3760.97787652  512.33250048]
 [3258.55028597 1892.74096042]]
img_2.png,small_red_rect,2316.0,36.0,3552.947245275429,1453.3969396357024,[[2316.         1193.58779705]
 [3220.40670725   36.        ]
 [3552.94724528  295.80914259]
 [2648.54053802 1453.39693964]]
img_2.png,small_yellow_rect,2511.0,778.0,3980.0,1200.0,[[3980. 1200.]
 [2511. 1200.]
 [2511.  778.]
 [3980.  778.]]
img_2.png,large_yellow_rect,2587.0,1964.0,4088.200045638724,4076.2499152220084,[[2623.42317223 4076.24991522]
 [2587.         1989.56777543]
 [4051.7768734  1964.        ]
 [4088.20004564 4050.68213979]]
img_3.png,large_yellow_rect,2092.0,87.0,3767.1254795541136,2315.7013943206985,[[2092.         2162.56719563]
 [2310.15090284   87.        ]
 [3767.12547955  240.13419869]
 [3548.97457671 2315.70139432]]
img_3.png,small_yellow_square,381.0,1763.0,1296.0878319020053,2693.217720247716,[[ 381.         2606.35456727]
 [ 469.64013685 1763.        ]
 [1296.0878319  1849.86315298]
 [1207.44769505 2693.21772025]]
img_3.png,small_blue_square,1066.0,488.0,2045.4186101955713,1453.628897414702,[[1901.11697455 1453.62889741]
 [1066.         1306.37524275]
 [1210.30163564  488.        ]
 [2045.4186102   635.25365466]]
img_3.png,small_red_square,1242.0,2393.0,2305.2890481438717,3445.3743762712284,[[2048.49592582 3445.37437627]
 [1242.         3183.32796504]
 [1498.79312233 2393.        ]
 [2305.28904814 2655.04641123]]
img_3.png,large_yellow_square,48.0,1589.0,1830.7294770273302,3383.7502923075017,[[ 428.20517726 3383.75029231]
 [  48.         1964.80525349]
 [1450.52429977 1589.        ]
 [1830.72947703 3007.94503882]]
img_3.png,large_blue_square,126.0,1504.0,1620.1171583316745,2981.4164384234496,[[ 126.         1529.63758506]
 [1594.77626418 1504.        ]
 [1620.11715833 2955.77885337]
 [ 151.34089415 2981.41643842]]
img_3.png,large_red_square,120.0,1939.0,1732.7279929606266,3536.5981046149163,[[1580.9526643  3536.59810461]
 [ 120.         3383.04579207]
 [ 271.77532866 1939.        ]
 [1732.72799296 2092.55231254]]
img_3.png,small_blue_rect,1577.0,2753.0,2844.525753625735,4149.575658229498,[[1577.         3878.31928694]
 [2521.25499863 2753.        ]
 [2844.52575363 3024.25637129]
 [1900.270755   4149.57565823]]
img_3.png,small_red_rect,522.0,570.0,1789.525753625735,1966.5756582294982,[[ 522.         1695.31928694]
 [1466.25499863  570.        ]
 [1789.52575363  841.25637129]
 [ 845.270755   1966.57565823]]
img_3.png,small_yellow_rect,810.0,232.0,1528.2005613209549,1756.6375590030548,[[ 810.         1668.89882548]
 [1115.42227381  232.        ]
 [1528.20056132  319.73873353]
 [1222.77828751 1756.637559  ]]
img_4.png,small_yellow_rect,1260.0,1094.0,2713.835599348011,2265.3082308167545,[[2477.85619408 2265.30823082]
 [1260.         1443.85385562]
 [1495.97940526 1094.        ]
 [2713.83559935 1915.4543752 ]]
img_4.png,small_yellow_square,888.0,2861.0,2042.8745112456463,4010.058314407181,[[ 888.         3297.75228752]
 [1614.877871   2861.        ]
 [2042.87451125 3573.30602688]
 [1315.99664025 4010.05831441]]
img_4.png,small_blue_square,3062.0,2686.0,4094.5489470575585,3730.20456083962,[[3295.74047773 3730.20456084]
 [3062.         2915.05464268]
 [3860.80846932 2686.        ]
 [4094.54894706 3501.14991816]]
img_4.png,small_red_square,1189.0,2404.0,2241.3743762712284,3467.2890481438717,[[1451.04641123 3467.28904814]
 [1189.         2660.79312233]
 [1979.32796504 2404.        ]
 [2241.37437627 3210.49592582]]
img_4.png,large_yellow_square,2552.0,2344.0,4046.1171583316745,3821.41643842345,[[2552.         2369.63758506]
 [4020.77626418 2344.        ]
 [4046.11715833 3795.77885337]
 [2577.34089415 3821.41643842]]
img_4.png,large_blue_square,879.0,2284.0,2679.6632581976105,4096.3188719796735,[[ 879.         3696.09343133]
 [1283.9112757  2284.        ]
 [2679.6632582  2684.22544065]
 [2274.7519825  4096.31887198]]
img_4.png,small_blue_rect,126.0,1081.0,1149.2583021714036,2586.321077958467,[[ 769.96721463 2586.32107796]
 [ 126.         1265.99262394]
 [ 505.29108754 1081.        ]
 [1149.25830217 2401.32845401]]
img_4.png,small_red_rect,527.0,3396.0,2054.455461842499,4160.848061124382,[[1952.3644219  4160.84806112]
 [ 527.         3805.46479649]
 [ 629.09103994 3396.        ]
 [2054.45546184 3751.38326464]]
img_4.png,large_red_rect,1324.0,13.0,3738.9094819021966,2001.4511423467357,[[1728.9112757  2001.45114235]
 [1324.          589.35771101]
 [3333.99820621   13.        ]
 [3738.9094819  1425.09343133]]